-- MySQL dump 10.13  Distrib 8.0.21, for Linux (x86_64)
--
-- Host: std-mysql    Database: std_1093
-- ------------------------------------------------------
-- Server version	5.7.26-0ubuntu0.16.04.1

/*!40101 SET @OLD_CHARACTER_SET_CLIENT=@@CHARACTER_SET_CLIENT */;
/*!40101 SET @OLD_CHARACTER_SET_RESULTS=@@CHARACTER_SET_RESULTS */;
/*!40101 SET @OLD_COLLATION_CONNECTION=@@COLLATION_CONNECTION */;
/*!50503 SET NAMES utf8mb4 */;
/*!40103 SET @OLD_TIME_ZONE=@@TIME_ZONE */;
/*!40103 SET TIME_ZONE='+00:00' */;
/*!40014 SET @OLD_UNIQUE_CHECKS=@@UNIQUE_CHECKS, UNIQUE_CHECKS=0 */;
/*!40014 SET @OLD_FOREIGN_KEY_CHECKS=@@FOREIGN_KEY_CHECKS, FOREIGN_KEY_CHECKS=0 */;
/*!40101 SET @OLD_SQL_MODE=@@SQL_MODE, SQL_MODE='NO_AUTO_VALUE_ON_ZERO' */;
/*!40111 SET @OLD_SQL_NOTES=@@SQL_NOTES, SQL_NOTES=0 */;

--
-- Table structure for table `film_genres`
--

DROP TABLE IF EXISTS `film_genres`;
/*!40101 SET @saved_cs_client     = @@character_set_client */;
/*!50503 SET character_set_client = utf8mb4 */;
CREATE TABLE `film_genres` (
  `film_id` int(11) unsigned NOT NULL,
  `genre_id` int(11) unsigned NOT NULL,
  PRIMARY KEY (`film_id`,`genre_id`),
  KEY `film_genres_genre_fk` (`genre_id`),
  CONSTRAINT `film_genres_film_fk` FOREIGN KEY (`film_id`) REFERENCES `films` (`id`) ON DELETE CASCADE ON UPDATE CASCADE,
  CONSTRAINT `film_genres_genre_fk` FOREIGN KEY (`genre_id`) REFERENCES `genres` (`id`) ON DELETE CASCADE ON UPDATE CASCADE
) ENGINE=InnoDB DEFAULT CHARSET=utf8;
/*!40101 SET character_set_client = @saved_cs_client */;

--
-- Dumping data for table `film_genres`
--

LOCK TABLES `film_genres` WRITE;
/*!40000 ALTER TABLE `film_genres` DISABLE KEYS */;
INSERT INTO `film_genres` VALUES (45,2),(46,2),(47,2),(46,4),(47,4),(47,5),(46,6);
/*!40000 ALTER TABLE `film_genres` ENABLE KEYS */;
UNLOCK TABLES;

--
-- Table structure for table `films`
--

DROP TABLE IF EXISTS `films`;
/*!40101 SET @saved_cs_client     = @@character_set_client */;
/*!50503 SET character_set_client = utf8mb4 */;
CREATE TABLE `films` (
  `id` int(11) unsigned NOT NULL AUTO_INCREMENT,
  `name` varchar(100) NOT NULL DEFAULT '',
  `description` text NOT NULL,
  `year` year(4) NOT NULL,
  `country` varchar(100) NOT NULL DEFAULT '',
  `director` varchar(100) NOT NULL DEFAULT '',
  `screenwriter` varchar(100) NOT NULL DEFAULT '',
  `actors` varchar(1000) NOT NULL DEFAULT '',
  `length` int(11) NOT NULL,
  `poster_id` int(11) unsigned DEFAULT NULL,
  PRIMARY KEY (`id`),
  KEY `films_posters_id_fk` (`poster_id`),
  CONSTRAINT `films_posters_id_fk` FOREIGN KEY (`poster_id`) REFERENCES `posters` (`id`)
) ENGINE=InnoDB AUTO_INCREMENT=52 DEFAULT CHARSET=utf8;
/*!40101 SET character_set_client = @saved_cs_client */;

--
-- Dumping data for table `films`
--

LOCK TABLES `films` WRITE;
/*!40000 ALTER TABLE `films` DISABLE KEYS */;
INSERT INTO `films` VALUES (45,'Побег из Шоушенка','Бухгалтер **Энди Дюфрейн** обвинён в убийстве собственной жены и её любовника. Оказавшись в тюрьме под названием **Шоушенк**, он сталкивается с жестокостью и беззаконием, царящими по обе стороны решётки. Каждый, кто попадает в эти стены, становится их рабом до конца жизни. Но **Энди**, обладающий живым умом и доброй душой, находит подход как к заключённым, так и к охранникам, добиваясь их особого к себе расположения.',1994,'США',' Фрэнк Дарабонт',' Фрэнк Дарабонт, Стивен Кинг','Тим Роббинс, Морган Фриман, Боб Гантон, Уильям Сэдлер, Клэнси Браун',142,25),(46,'Зеленая миля','**Пол Эджкомб** - начальник блока смертников в тюрьме «Холодная гора», каждый из узников которого однажды проходит «зеленую милю» по пути к месту казни. Пол повидал много заключённых и надзирателей за время работы. Однако гигант Джон Коффи, обвинённый в страшном преступлении, стал одним из самых необычных обитателей блока.',1999,'США',' Фрэнк Дарабонт',' Фрэнк Дарабонт, Стивен Кинг','Том Хэнкс, Дэвид Морс, Бонни Хант, Майкл Кларк, Дункан Джеймс Кромуэлл',189,26),(47,'Интерстеллар','Когда засуха, пыльные бури и вымирание растений приводят человечество к продовольственному кризису, коллектив исследователей и учёных отправляется сквозь червоточину (которая предположительно соединяет области пространства-времени через большое расстояние) в путешествие, чтобы превзойти прежние ограничения для космических путешествий человека и найти планету с подходящими для человечества условиями.',2014,'США, Великобритания, Канада',' Кристофер Нолан',' Джонатан Нолан, Кристофер Нолан','Мэттью МакКонахи, Энн Хэтэуэй, Джессика Честейн, Маккензи Фой',169,27);
/*!40000 ALTER TABLE `films` ENABLE KEYS */;
UNLOCK TABLES;

--
-- Table structure for table `genres`
--

DROP TABLE IF EXISTS `genres`;
/*!40101 SET @saved_cs_client     = @@character_set_client */;
/*!50503 SET character_set_client = utf8mb4 */;
CREATE TABLE `genres` (
  `id` int(11) unsigned NOT NULL AUTO_INCREMENT,
  `name` varchar(20) NOT NULL DEFAULT '',
  PRIMARY KEY (`id`),
  UNIQUE KEY `name` (`name`)
) ENGINE=InnoDB AUTO_INCREMENT=12 DEFAULT CHARSET=utf8;
/*!40101 SET character_set_client = @saved_cs_client */;

--
-- Dumping data for table `genres`
--

LOCK TABLES `genres` WRITE;
/*!40000 ALTER TABLE `genres` DISABLE KEYS */;
INSERT INTO `genres` VALUES (3,'боевик'),(9,'документальный'),(2,'драма'),(1,'комедия'),(6,'криминал'),(10,'мультфильм'),(5,'приключения'),(7,'триллер'),(8,'ужасы'),(4,'фантастика'),(11,'фэнтези');
/*!40000 ALTER TABLE `genres` ENABLE KEYS */;
UNLOCK TABLES;

--
-- Table structure for table `posters`
--

DROP TABLE IF EXISTS `posters`;
/*!40101 SET @saved_cs_client     = @@character_set_client */;
/*!50503 SET character_set_client = utf8mb4 */;
CREATE TABLE `posters` (
  `id` int(11) unsigned NOT NULL AUTO_INCREMENT,
  `file_name` varchar(100) NOT NULL DEFAULT '',
  `mime_type` varchar(60) NOT NULL DEFAULT '',
  `md5_hash` varchar(32) NOT NULL DEFAULT '',
  PRIMARY KEY (`id`)
) ENGINE=InnoDB AUTO_INCREMENT=31 DEFAULT CHARSET=utf8;
/*!40101 SET character_set_client = @saved_cs_client */;

--
-- Dumping data for table `posters`
--

LOCK TABLES `posters` WRITE;
/*!40000 ALTER TABLE `posters` DISABLE KEYS */;
INSERT INTO `posters` VALUES (2,'222','jpeg','11111'),(3,'2020-12-27_23.37.07.png','image/png','f8594a5b501430f91a27348aac7f882e'),(4,'2020-12-27_23.37.07.png','image/png','f8594a5b501430f91a27348aac7f882e'),(5,'2020-12-27_23.37.07.png','image/png','f8594a5b501430f91a27348aac7f882e'),(6,'2020-12-27_23.37.07.png','image/png','f8594a5b501430f91a27348aac7f882e'),(7,'2020-12-28_11.29.31.png','image/png','ae44e8542fd7556dd2954ddbbbf34cd7'),(8,'2021-01-14_13.38.37.png','image/png','ca5847cc137b1d5fed551e34c804ab63'),(9,'2021-01-14_13.38.37.png','image/png','ca5847cc137b1d5fed551e34c804ab63'),(10,'2021-01-14_13.38.37.png','image/png','ca5847cc137b1d5fed551e34c804ab63'),(11,'2021-01-14_13.38.37.png','image/png','ca5847cc137b1d5fed551e34c804ab63'),(12,'2021-01-14_13.38.37.png','image/png','ca5847cc137b1d5fed551e34c804ab63'),(13,'2021-01-14_13.38.37.png','image/png','ca5847cc137b1d5fed551e34c804ab63'),(14,'2021-01-22_18.29.19.png','image/png','709c2bfe4cfcfa27b579bd0ffc106003'),(15,'2020-12-28_13.55.09.png','image/png','e6ab1e7ea9ce12a11f508d1bd7024d0c'),(16,'2020-12-24_21.12.16.png','image/png','5ccc612c708993177cd56b435c6cf39c'),(18,'2020-12-25_16.23.45.jpg','image/jpeg','9dd78f31775a3ee9ec5b8e4a995b5561'),(19,'2021-01-22_18.28.03.png','image/png','c659ef3681f4ba91950ab052ea7229e6'),(20,'2021-01-22_21.14.33.png','image/png','e5985ad4f804e5a7d743b0da4d2ec2b9'),(22,'2019-09-11_17.28.31.png','image/png','8df798da50609525a0829b15c45f12b6'),(25,'shoushenk.jpeg','image/jpeg','b1b2c4b2e522b79796e510c4727a186f'),(26,'12883mile.jpeg','image/jpeg','8c6dd0213e928b839971f903ffdbe813'),(27,'93604inter.jpeg','image/jpeg','58feb62f996115b23cbdc2f401185d90'),(28,'27451pexels-pixabay-357514.jpg','image/jpeg','78f7e50698ece7c10c8ec23760a8ad6b'),(29,'146082021-01-26_14.33.18.png','image/png','01ae6c80cc0d293c23b63b721212505d'),(30,'983372021-01-26_14.55.23.png','image/png','cd0e6bf02b17e87eee2fba8365f13d13');
/*!40000 ALTER TABLE `posters` ENABLE KEYS */;
UNLOCK TABLES;

--
-- Table structure for table `reviews`
--

DROP TABLE IF EXISTS `reviews`;
/*!40101 SET @saved_cs_client     = @@character_set_client */;
/*!50503 SET character_set_client = utf8mb4 */;
CREATE TABLE `reviews` (
  `id` int(11) unsigned NOT NULL AUTO_INCREMENT,
  `film_id` int(11) unsigned NOT NULL,
  `user_id` int(11) NOT NULL,
  `score` int(11) NOT NULL,
  `text` text NOT NULL,
  `created_at` timestamp NOT NULL DEFAULT CURRENT_TIMESTAMP,
  PRIMARY KEY (`id`),
  KEY `reviews_ibfk_1` (`film_id`),
  KEY `reviews_ibfk_2` (`user_id`),
  CONSTRAINT `reviews_ibfk_1` FOREIGN KEY (`film_id`) REFERENCES `films` (`id`) ON DELETE CASCADE ON UPDATE CASCADE,
  CONSTRAINT `reviews_ibfk_2` FOREIGN KEY (`user_id`) REFERENCES `users` (`id`) ON DELETE CASCADE ON UPDATE CASCADE
) ENGINE=InnoDB AUTO_INCREMENT=8 DEFAULT CHARSET=utf8;
/*!40101 SET character_set_client = @saved_cs_client */;

--
-- Dumping data for table `reviews`
--

LOCK TABLES `reviews` WRITE;
/*!40000 ALTER TABLE `reviews` DISABLE KEYS */;
INSERT INTO `reviews` VALUES (3,47,1,4,'Кристофер Нолан безоговорочно уникальный режиссёр: он единственный, кто делает глубокие, умные и сложные (иногда чересчур) блокбастеры, и тем самым охватывает огромную аудиторию: от любителей попкорна до любителей артхауса. Я смотрел «Интерстеллар» три раза: первый в кинотеатре я провёл с открытым ртом, второй дома с закрытым ртом, но все ещё восхищенный, и третий мне уже стали бросаться в глаза минусы и недочёты фильма, но даже с ними это все-равно невероятная и выдающаяся картина.\r\n\r\nУ меня не возникает желания искать недочёты с точки зрения астрофизики, хотя безусловно они есть, но это все-таки художественное кино, и на многое можно закрыть глаза. Но у меня есть несколько серьёзных вопросов к сюжету, наличие которых не позволяет назвать «Интерстеллар» шедевром. Первый: неужели в будущем проблему с песчаными бурями и болезнями пшеницы нельзя решить иначе, кроме как отправить людей в другие галактики? Очевидно же, что Земля даже с учётом всех проблем все равно более пригодна для жизни, чем любая другая планета. Второй: герой Купера случайно попадает на базу NASA и ему тут же выкладывают секретную информацию и без опыта берут пилотировать космический корабль на миссию по спасению человечества. Третий: профессор Бранд-старший сам же рассказывает, что отправляет в космос людей, которых особо ничего не держит на земле, при этом в миссии участвуют его собственная дочь и отец-одиночка Купер. Список можно продолжить, также как и можно постараться логично обьяснить эти моменты, но факт остаётся фактом: в «Интерстелларе» есть базовые сюжетные дыры, которые сложно не заметить.\r\n\r\nПлюсы и достоинства работы Нолана довольно-таки очевидны, и что важно, они все-таки перекрывают недостатки. Для начала, Нолан вновь создал свой мир: масштабный, впечатляющий, завораживающий, пугающий и прекрасный одновременно. Конечно многое уже мы видели и у Тарковского, и у Лукаса и конечно у Кубрика, но Нолан не стесняется заимствовать лучшее и успешно интегрирует это в свою историю. Нельзя не отметить многогранность и многозадачность «Интерстеллара», я искренне не понимаю людей, которые судят однобоко и называет его «голливудской жвачкой». Это в первую очередь кино о нашем месте во вселенной, о понятии дома для человека, о любви, которая не подчиняется законам физики, о сложности и невозможности выбора, и уже только потом о космических путешествиях. Актерская игра на высоком уровне, ничего гениального нет, но все основные персонажи раскрыты и проработаны. МакКонахи воплотил сильный мужской образ, одновременно твердый и уверенный в себе, но проносящий внутри ту боль и страдания, на которые он себя обрёк. Ну и вишню на торт плавно опускает композитор Ханс Зиммер, который опять написал идеально подходящую музыку: в ней чувствуется и необъятность далёкого космоса и тревожная неизбежность течения времени, и при этом какая-то душевная близость и спокойствие, дающее надежду на успешный исход судьбы человечества.\r\n\r\nБезусловно, «Интерстеллар» - кино не идеальное и неоднозначное, Нолан замахнулся на очередную неподъёмную высоту, дал поводы поругать себя, особенно «я тоже в какой-то мере учёным», но в конечном итоге достиг цели, вновь заставил восхищаться своей работой и уверенно установил свой флаг на планете космического кинематографа.','2021-01-23 23:21:29'),(4,45,5,4,'После просмотра, должен сказать, что каждый должен посмотреть эту картину. И сейчас я дам вам причины, почему вы сейчас же это сделаете.\r\n\r\nГлавным героем фильма является Энди Дюфрейн, который попадает в тюрьму за убийство своей жены и ее любовника. Обычный казалось бы банкир, который имеет цель и надежду, идущий каждый день к ней.\r\n\r\nВ тюрьме обретает новых друзей, с которыми коротает время, проходя в это время через череду препятствий, о которых я не скажу ни слова, вы сами должны это увидеть. Двигаясь по своему пути Энди за 19 лет ни капли не потерял в надежде.\r\n\r\nНадежда является, можно сказать, главной идеей произведения. Мы видим разные взгляды на нее от двух, на первый взгляд противоположных каст людей. Такие как Энди, имея надежду, могут пройти через любую череду проблем, другие же, как их называет лучший друг Энди, люди тюрьмы считают надежду пустым звуком, который не значит ничего, ведь шансов выбраться из тюрьмы нет, какая тут надежда, на что надеяться.\r\n\r\nФильм имеет героев со своими историями, за которыми интересно наблюдать, каждый имеет что-то свое, кто-то прожил 50 лет в тюрьме и не может жить на свободе, для него свобода становится своеобразной тюрьмой. Другой честно признает свою вину за преступление, казалось бы, ты под арестом, в чем смысл пытаться строить из себя невиновного, но как оказывается такие есть, имеется даже своя фраза \'меня поимел адвокат\', которая как мне кажется появилась из-за того, что человек не хотел признавать вины, но суд вынес ему приговор, а отвечать что-то нужно, когда спрашивают, за что \'сел\'.\r\n\r\nПосле попадания Энди в тюрьму, все поменялось, сам Энди, его друзья, даже тюрьма. Энди поменялся, но все еще знал, что ему нужно делать, как выйти из любой ситуации победителем.\r\n\r\nВесь фильм повторяется фраза \'Осужденный готов делать что угодно, чтобы мозг чем-либо занимался\'. Как мне кажется, Энди был из того типа людей, которому нужно думать, что-то \'творить\', поэтому днём он занимался делами в тюрьме, а его любимое занятие ждало ночи.\r\n\r\nЭнди подмечает, что он \'просто осужденный, который умеет проводить финансовое планирование\', в финале мы видим, что данное планирование всецело помогает ему держать курс к мечте. Все кирпичики собираются в стену.\r\n\r\nЗавершить хотел бы слова из фильма: \'Надежда - лучшая из вещей. Она никогда не умирает\'.\r\n\r\nНадеюсь я смог заинтересовать вас, чтобы вы потратили 2 часа на кое-что прекрасное. Ведь, каждый может найти что-то свое в этой картине, а я из своего сказал только часть.','2021-01-23 23:33:10'),(5,45,1,4,'Первый раз этот фильм я посмотрел по телевизору, я был школьником и делал под этот фильм уроки, лежа на полу в выходные. Обычно я включал какую-то \'болталку\' на фоне, чтобы не было скучно. Я не особо концентрировался на происходящей. Но как сейчас, помню, что \'Побег из Шоушенка\' с первых минут завлек меня и заставил отложить уроки на пару часов. Тогда мне просто нравилась атмосфера происходящего и действия, которые происходят на экране. Я не сильно вдавался в детали. Пересмотрев, уже в более осознанном возрасте, я просто влюбился в этот фильм. Это не просто популярное и красивое кино, это настоящее искусство, философское произведение. Скажу сразу, книгу я не читал, потому не могу сопоставить. Оцениваю исключительно фильм.\r\n\r\nДействие фильма происходит в тюрьме. Причем тюрьма эта очень особого режима. Атмосфера, происходящее вокруг, люди - все это очень угнетает зрителя. Любой бы сломался, но только не наш герой.\r\n\r\nЭнди Дюферейн действительно не такой как все, он из другого текста. Казалось бы, в таком простом и слабом с виду человеке, кроется столько силы, выдержки и мужества. В этом и кроется, как по мне, главный посыл этой работы. Мужайтесь, крепитесь идите к своей цели не отсутупая и все у вас будет. Конечно, Энди живой человек, он тоже испытывает эмоции, боится и переживает. Но его мысли не с нами, они сконцентрированы на цели. Причем зритель далеко не сразу этого замечает. Дюфрейн силен еще тем, что он из тех людей, которые не теряют своего лица, остаются добры и порядочны к окружающим несмотря ни на что. Я считаю, что в этом тоже кроется определенного рода сила.\r\n\r\nМораль предельно проста, кто-то считает, что этот фильм о внутренней свободе, кто-то считает что он о дружбе и все это правильно. Однако, я считаю, что этот фильм о безграничной силе человека - о внутреннем стержне, тяге к светлому и благородному. Имея такую силу, мы фактически неуязвимы. Идите к своей цели несмотря ни на что, не теряя при этом благородства и трезвого рассудка.','2021-01-23 23:41:53'),(6,46,5,4,'Не читая книгу, мне трудно судить насколько фильм соответствует оригинальному повествованию. Но по объективной оценке, если рассматривать его не ссылаясь на первоисточник, фильм выглядит впечатляюще.\r\n\r\nГлавное достоинство Зеленой Мили — это затрагивание действительно серьёзных философских тем и подталкиванием на размышления о добре и зле.\r\n\r\nГлавному герою, Полу Эджкомбу, работающему надзирателем в федеральной тюрьме, доведётся пройти множество испытаний: сделать трудный выбор между выполнением обязанностей или действовать по зову сердца, так же ему доведётся повидать много неоднозначных людей, что заключены в тюрьме по разным причинам. Казалось бы, все они преступники, совершавшие ужасные преступления, но среди них имеются как и откровенные подонки, так и с виду хорошие люди. В фильме присутствует достаточно яркое деление на плохих и хороших, что мне не особо понравилось, но на самом деле играет немаловажную роль для всего сюжета. Поэтому это может остаться лишь моей личной незначительной придиркой.\r\n\r\nСценаристы над фильмом поработали на славу. Пусть сюжет серьёзен, но его повествование идёт размеренно и легко, что позволяет полностью все понять и погрузиться в сюжет с головой. Он затягивает буквально с первых минут просмотра. Здесь на плюс так же играет хорошо проработанная атмосфера с реалистичными локациями и даже местным лексиконом персонажей.\r\n\r\nОтдельно могу выделить режиссёрскую работу с плавными движениями камер, приятной тёплой цветовой гаммой, что отлично нагоняет атмосферу в фильме. Это все так же способствует полному погружению в сюжет.\r\n\r\nСмело могу порекомендовать этот фильм к просмотру, но с одним небольшим уточнением: его стоит смотреть все же взрослым людям. Тема философии многогранна, в неё стоит вникать и её стоит обдумывать. Суть фильма в полной мере может понять лишь тот, кто пожил в этом мире и набрался какого-либо жизненного опыта.','2021-01-24 13:29:42');
/*!40000 ALTER TABLE `reviews` ENABLE KEYS */;
UNLOCK TABLES;

--
-- Table structure for table `roles`
--

DROP TABLE IF EXISTS `roles`;
/*!40101 SET @saved_cs_client     = @@character_set_client */;
/*!50503 SET character_set_client = utf8mb4 */;
CREATE TABLE `roles` (
  `id` int(11) NOT NULL AUTO_INCREMENT,
  `name` varchar(25) NOT NULL,
  `description` text,
  PRIMARY KEY (`id`)
) ENGINE=InnoDB AUTO_INCREMENT=5 DEFAULT CHARSET=utf8;
/*!40101 SET character_set_client = @saved_cs_client */;

--
-- Dumping data for table `roles`
--

LOCK TABLES `roles` WRITE;
/*!40000 ALTER TABLE `roles` DISABLE KEYS */;
INSERT INTO `roles` VALUES (1,'Администратор',NULL),(2,'Модератор',NULL),(3,'Пользователь',NULL);
/*!40000 ALTER TABLE `roles` ENABLE KEYS */;
UNLOCK TABLES;

--
-- Table structure for table `users`
--

DROP TABLE IF EXISTS `users`;
/*!40101 SET @saved_cs_client     = @@character_set_client */;
/*!50503 SET character_set_client = utf8mb4 */;
CREATE TABLE `users` (
  `id` int(11) NOT NULL AUTO_INCREMENT,
  `login` varchar(25) NOT NULL,
  `last_name` varchar(25) NOT NULL,
  `first_name` varchar(25) NOT NULL,
  `middle_name` varchar(25) DEFAULT NULL,
  `password_hash` varchar(256) NOT NULL,
  `created_at` timestamp NOT NULL DEFAULT CURRENT_TIMESTAMP,
  `role_id` int(11) DEFAULT NULL,
  PRIMARY KEY (`id`),
  UNIQUE KEY `login` (`login`),
  KEY `role_id` (`role_id`),
  CONSTRAINT `users_ibfk_1` FOREIGN KEY (`role_id`) REFERENCES `roles` (`id`)
) ENGINE=InnoDB AUTO_INCREMENT=8 DEFAULT CHARSET=utf8;
/*!40101 SET character_set_client = @saved_cs_client */;

--
-- Dumping data for table `users`
--

LOCK TABLES `users` WRITE;
/*!40000 ALTER TABLE `users` DISABLE KEYS */;
INSERT INTO `users` VALUES (1,'user','Иванов','Иван','Иванович','65e84be33532fb784c48129675f9eff3a682b27168c0ea744b2cf58ee02337c5','2021-01-14 13:29:26',1),(5,'qq','Петров','Иван','Петрович','03ac674216f3e15c761ee1a5e255f067953623c8b388b4459e13f978d7c846f4','2021-01-14 21:34:04',2),(6,'user2','Владимиров','Владимир','Владимирович','03ac674216f3e15c761ee1a5e255f067953623c8b388b4459e13f978d7c846f4','2021-01-26 12:12:07',3);
/*!40000 ALTER TABLE `users` ENABLE KEYS */;
UNLOCK TABLES;

--
-- Table structure for table `visit_logs`
--

DROP TABLE IF EXISTS `visit_logs`;
/*!40101 SET @saved_cs_client     = @@character_set_client */;
/*!50503 SET character_set_client = utf8mb4 */;
CREATE TABLE `visit_logs` (
  `id` int(11) NOT NULL AUTO_INCREMENT,
  `path` varchar(100) NOT NULL,
  `user_id` int(11) DEFAULT NULL,
  `created_at` timestamp NOT NULL DEFAULT CURRENT_TIMESTAMP,
  PRIMARY KEY (`id`),
  KEY `user_id` (`user_id`),
  CONSTRAINT `visit_logs_ibfk_1` FOREIGN KEY (`user_id`) REFERENCES `users` (`id`)
) ENGINE=InnoDB AUTO_INCREMENT=446 DEFAULT CHARSET=utf8;
/*!40101 SET character_set_client = @saved_cs_client */;

--
-- Dumping data for table `visit_logs`
--

LOCK TABLES `visit_logs` WRITE;
/*!40000 ALTER TABLE `visit_logs` DISABLE KEYS */;
INSERT INTO `visit_logs` VALUES (1,'/visits/logs',5,'2021-01-15 12:31:31'),(2,'/',5,'2021-01-15 12:33:40'),(3,'/users',5,'2021-01-15 12:33:41'),(4,'/visits/logs',5,'2021-01-15 12:33:43'),(5,'/visits/logs',5,'2021-01-15 12:34:46'),(6,'/users',5,'2021-01-15 12:38:45'),(7,'/users',5,'2021-01-15 12:38:47'),(8,'/visits/logs',5,'2021-01-15 12:39:26'),(9,'/visits/logs',5,'2021-01-15 12:44:37'),(10,'/visits/logs',5,'2021-01-15 12:44:37'),(11,'/visits/',5,'2021-01-15 12:44:43'),(12,'/visits/logs',5,'2021-01-15 12:47:27'),(13,'/visits/logs',5,'2021-01-15 12:49:17'),(14,'/visits/logs',5,'2021-01-15 12:54:37'),(15,'/visits/logs',5,'2021-01-15 12:56:13'),(16,'/',5,'2021-01-15 13:02:50'),(17,'/users',5,'2021-01-15 13:02:52'),(18,'/visits/logs',5,'2021-01-15 13:02:56'),(19,'/visits/logs',5,'2021-01-15 13:04:04'),(20,'/favicon.ico',NULL,'2021-01-15 14:52:15'),(21,'/',NULL,'2021-01-15 14:55:40'),(22,'/static/styles.css',NULL,'2021-01-15 14:55:41'),(23,'/static/main.js',NULL,'2021-01-15 14:55:41'),(24,'/visits/logs',NULL,'2021-01-15 14:57:19'),(25,'/static/styles.css',NULL,'2021-01-15 14:57:20'),(26,'/static/main.js',NULL,'2021-01-15 14:57:20'),(27,'/favicon.ico',NULL,'2021-01-15 14:57:21'),(28,'/visits/logs',NULL,'2021-01-15 14:57:23'),(29,'/static/styles.css',NULL,'2021-01-15 14:57:24'),(30,'/static/main.js',NULL,'2021-01-15 14:57:24'),(31,'/favicon.ico',NULL,'2021-01-15 14:57:25'),(32,'/visits/stat/pages',NULL,'2021-01-15 14:57:26'),(33,'/static/styles.css',NULL,'2021-01-15 14:57:26'),(34,'/static/main.js',NULL,'2021-01-15 14:57:26'),(35,'/favicon.ico',NULL,'2021-01-15 14:57:27'),(36,'/visits/stat/pages',NULL,'2021-01-15 15:12:41'),(37,'/visits/stat/users',NULL,'2021-01-15 15:12:54'),(38,'/static/styles.css',NULL,'2021-01-15 15:12:54'),(39,'/static/main.js',NULL,'2021-01-15 15:12:54'),(40,'/favicon.ico',NULL,'2021-01-15 15:12:56'),(41,'/visits/stat/pages',NULL,'2021-01-15 15:13:03'),(42,'/static/styles.css',NULL,'2021-01-15 15:13:03'),(43,'/static/main.js',NULL,'2021-01-15 15:13:03'),(44,'/visits/stat/users',NULL,'2021-01-15 15:13:04'),(45,'/static/main.js',NULL,'2021-01-15 15:13:04'),(46,'/static/styles.css',NULL,'2021-01-15 15:13:04'),(47,'/visits/stat/pages',NULL,'2021-01-15 15:13:05'),(48,'/static/main.js',NULL,'2021-01-15 15:13:05'),(49,'/static/styles.css',NULL,'2021-01-15 15:13:05'),(50,'/visits/stat/users',NULL,'2021-01-15 15:13:06'),(51,'/static/main.js',NULL,'2021-01-15 15:13:06'),(52,'/static/styles.css',NULL,'2021-01-15 15:13:06'),(53,'/visits/stat/pages',NULL,'2021-01-15 15:13:07'),(54,'/static/styles.css',NULL,'2021-01-15 15:13:07'),(55,'/static/main.js',NULL,'2021-01-15 15:13:07'),(56,'/visits/stat/users',NULL,'2021-01-15 15:13:07'),(57,'/static/main.js',NULL,'2021-01-15 15:13:07'),(58,'/static/styles.css',NULL,'2021-01-15 15:13:07'),(59,'/visits/logs',NULL,'2021-01-15 15:13:08'),(60,'/static/styles.css',NULL,'2021-01-15 15:13:09'),(61,'/static/main.js',NULL,'2021-01-15 15:13:09'),(62,'/visits/stat/users',NULL,'2021-01-15 15:13:09'),(63,'/static/styles.css',NULL,'2021-01-15 15:13:09'),(64,'/static/main.js',NULL,'2021-01-15 15:13:09'),(65,'/visits/stat/pages',NULL,'2021-01-15 15:13:12'),(66,'/static/styles.css',NULL,'2021-01-15 15:13:12'),(67,'/static/main.js',NULL,'2021-01-15 15:13:12'),(68,'/visits/stat/users',NULL,'2021-01-15 15:13:12'),(69,'/static/main.js',NULL,'2021-01-15 15:13:13'),(70,'/static/styles.css',NULL,'2021-01-15 15:13:13'),(71,'/visits/stat/pages',NULL,'2021-01-15 15:13:13'),(72,'/static/main.js',NULL,'2021-01-15 15:13:14'),(73,'/static/styles.css',NULL,'2021-01-15 15:13:14'),(74,'/visits/stat/users',NULL,'2021-01-15 15:13:14'),(75,'/static/main.js',NULL,'2021-01-15 15:13:14'),(76,'/static/styles.css',NULL,'2021-01-15 15:13:14'),(77,'/visits/stat/pages',NULL,'2021-01-15 15:13:16'),(78,'/static/main.js',NULL,'2021-01-15 15:13:16'),(79,'/static/styles.css',NULL,'2021-01-15 15:13:16'),(80,'/visits/stat/users',NULL,'2021-01-15 15:13:18'),(81,'/static/main.js',NULL,'2021-01-15 15:13:18'),(82,'/static/styles.css',NULL,'2021-01-15 15:13:18'),(83,'/visits/stat/pages',NULL,'2021-01-15 15:13:21'),(84,'/static/main.js',NULL,'2021-01-15 15:13:21'),(85,'/static/styles.css',NULL,'2021-01-15 15:13:21'),(86,'/visits/stat/users',NULL,'2021-01-15 15:13:22'),(87,'/static/styles.css',NULL,'2021-01-15 15:13:22'),(88,'/static/main.js',NULL,'2021-01-15 15:13:22'),(89,'/',NULL,'2021-01-18 22:06:01'),(90,'/static/styles.css',NULL,'2021-01-18 22:06:01'),(91,'/static/main.js',NULL,'2021-01-18 22:06:01'),(92,'/favicon.ico',NULL,'2021-01-18 22:06:01'),(93,'/visits/logs',NULL,'2021-01-18 22:06:04'),(94,'/static/styles.css',NULL,'2021-01-18 22:06:04'),(95,'/static/main.js',NULL,'2021-01-18 22:06:04'),(96,'/favicon.ico',NULL,'2021-01-18 22:06:04'),(97,'/visits/logs',NULL,'2021-01-18 22:06:11'),(98,'/static/main.js',NULL,'2021-01-18 22:06:11'),(99,'/static/styles.css',NULL,'2021-01-18 22:06:11'),(100,'/favicon.ico',NULL,'2021-01-18 22:06:11'),(101,'/visits/logs',NULL,'2021-01-18 22:06:14'),(102,'/static/styles.css',NULL,'2021-01-18 22:06:14'),(103,'/static/main.js',NULL,'2021-01-18 22:06:14'),(104,'/favicon.ico',NULL,'2021-01-18 22:06:14'),(105,'/visits/logs',NULL,'2021-01-18 22:06:15'),(106,'/static/styles.css',NULL,'2021-01-18 22:06:15'),(107,'/static/main.js',NULL,'2021-01-18 22:06:15'),(108,'/visits/logs',NULL,'2021-01-18 22:06:16'),(109,'/static/styles.css',NULL,'2021-01-18 22:06:16'),(110,'/static/main.js',NULL,'2021-01-18 22:06:16'),(111,'/favicon.ico',NULL,'2021-01-18 22:06:16'),(112,'/visits/logs',NULL,'2021-01-18 22:06:19'),(113,'/static/styles.css',NULL,'2021-01-18 22:06:19'),(114,'/static/main.js',NULL,'2021-01-18 22:06:19'),(115,'/favicon.ico',NULL,'2021-01-18 22:06:19'),(116,'/visits/logs',NULL,'2021-01-18 22:06:19'),(117,'/static/styles.css',NULL,'2021-01-18 22:06:20'),(118,'/static/main.js',NULL,'2021-01-18 22:06:20'),(119,'/favicon.ico',NULL,'2021-01-18 22:06:20'),(120,'/visits/stat/users',NULL,'2021-01-18 22:06:21'),(121,'/static/styles.css',NULL,'2021-01-18 22:06:21'),(122,'/static/main.js',NULL,'2021-01-18 22:06:21'),(123,'/favicon.ico',NULL,'2021-01-18 22:06:21'),(124,'/visits/stat/pages',NULL,'2021-01-18 22:06:22'),(125,'/static/styles.css',NULL,'2021-01-18 22:06:22'),(126,'/static/main.js',NULL,'2021-01-18 22:06:22'),(127,'/favicon.ico',NULL,'2021-01-18 22:06:22'),(128,'/',NULL,'2021-01-18 22:07:29'),(129,'/static/styles.css',NULL,'2021-01-18 22:07:29'),(130,'/static/main.js',NULL,'2021-01-18 22:07:29'),(131,'/',NULL,'2021-01-19 00:26:48'),(132,'/static/main.js',NULL,'2021-01-19 00:26:48'),(133,'/static/styles.css',NULL,'2021-01-19 00:26:48'),(134,'/favicon.ico',NULL,'2021-01-19 00:26:49'),(135,'/users',NULL,'2021-01-19 00:26:53'),(136,'/static/main.js',NULL,'2021-01-19 00:26:53'),(137,'/static/styles.css',NULL,'2021-01-19 00:26:53'),(138,'/visits/logs',NULL,'2021-01-19 00:26:55'),(139,'/static/styles.css',NULL,'2021-01-19 00:26:56'),(140,'/static/main.js',NULL,'2021-01-19 00:26:56'),(141,'/users',NULL,'2021-01-19 00:27:00'),(142,'/static/styles.css',NULL,'2021-01-19 00:27:00'),(143,'/static/main.js',NULL,'2021-01-19 00:27:00'),(144,'/visits/logs',NULL,'2021-01-19 00:27:01'),(145,'/static/main.js',NULL,'2021-01-19 00:27:02'),(146,'/static/styles.css',NULL,'2021-01-19 00:27:02'),(147,'/visits/stat/pages',NULL,'2021-01-19 00:27:04'),(148,'/static/main.js',NULL,'2021-01-19 00:27:04'),(149,'/static/styles.css',NULL,'2021-01-19 00:27:04'),(150,'/visits/stat/users',NULL,'2021-01-19 00:27:10'),(151,'/static/styles.css',NULL,'2021-01-19 00:27:11'),(152,'/static/main.js',NULL,'2021-01-19 00:27:11'),(153,'/visits/stat/users',NULL,'2021-01-19 00:27:18'),(154,'/visits/stat/pages',NULL,'2021-01-19 00:27:50'),(155,'/static/styles.css',NULL,'2021-01-19 00:27:51'),(156,'/static/main.js',NULL,'2021-01-19 00:27:51'),(157,'/visits/stat/pages',NULL,'2021-01-19 00:27:54'),(158,'/visits/logs',NULL,'2021-01-19 00:28:19'),(159,'/static/styles.css',NULL,'2021-01-19 00:28:19'),(160,'/static/main.js',NULL,'2021-01-19 00:28:19'),(161,'/visits/logs',NULL,'2021-01-19 00:28:21'),(162,'/static/styles.css',NULL,'2021-01-19 00:28:22'),(163,'/static/main.js',NULL,'2021-01-19 00:28:22'),(164,'/visits/logs',NULL,'2021-01-19 00:28:23'),(165,'/static/main.js',NULL,'2021-01-19 00:28:23'),(166,'/static/styles.css',NULL,'2021-01-19 00:28:23'),(167,'/visits/logs',NULL,'2021-01-19 00:28:25'),(168,'/static/styles.css',NULL,'2021-01-19 00:28:25'),(169,'/static/main.js',NULL,'2021-01-19 00:28:25'),(170,'/visits/logs',NULL,'2021-01-19 00:28:28'),(171,'/static/styles.css',NULL,'2021-01-19 00:28:28'),(172,'/static/main.js',NULL,'2021-01-19 00:28:28'),(173,'/',NULL,'2021-01-19 16:37:23'),(174,'/static/main.js',NULL,'2021-01-19 16:37:23'),(175,'/static/styles.css',NULL,'2021-01-19 16:37:23'),(176,'/favicon.ico',NULL,'2021-01-19 16:37:23'),(177,'/',NULL,'2021-01-19 16:37:58'),(178,'/',NULL,'2021-01-19 16:38:52'),(179,'/static/styles.css',NULL,'2021-01-19 16:38:52'),(180,'/static/main.js',NULL,'2021-01-19 16:38:52'),(181,'/favicon.ico',NULL,'2021-01-19 16:38:52'),(182,'/auth/login',NULL,'2021-01-19 16:38:54'),(183,'/static/styles.css',NULL,'2021-01-19 16:38:54'),(184,'/static/main.js',NULL,'2021-01-19 16:38:54'),(185,'/favicon.ico',NULL,'2021-01-19 16:38:54'),(186,'/',NULL,'2021-01-19 16:59:57'),(187,'/static/styles.css',NULL,'2021-01-19 16:59:57'),(188,'/static/main.js',NULL,'2021-01-19 16:59:57'),(189,'/users',NULL,'2021-01-19 17:00:01'),(190,'/static/styles.css',NULL,'2021-01-19 17:00:01'),(191,'/static/main.js',NULL,'2021-01-19 17:00:01'),(192,'/favicon.ico',NULL,'2021-01-19 17:00:01'),(193,'/visits/logs',NULL,'2021-01-19 17:00:02'),(194,'/static/styles.css',NULL,'2021-01-19 17:00:03'),(195,'/static/main.js',NULL,'2021-01-19 17:00:03'),(196,'/favicon.ico',NULL,'2021-01-19 17:00:03'),(197,'/users',NULL,'2021-01-19 17:00:11'),(198,'/static/styles.css',NULL,'2021-01-19 17:00:11'),(199,'/static/main.js',NULL,'2021-01-19 17:00:11'),(200,'/',NULL,'2021-01-19 17:00:11'),(201,'/static/styles.css',NULL,'2021-01-19 17:00:12'),(202,'/static/main.js',NULL,'2021-01-19 17:00:12'),(203,'/static/styles.css',NULL,'2021-01-19 17:00:12'),(204,'/static/main.js',NULL,'2021-01-19 17:00:12'),(205,'/users',NULL,'2021-01-19 19:38:45'),(206,'/static/styles.css',NULL,'2021-01-19 19:38:46'),(207,'/static/main.js',NULL,'2021-01-19 19:38:46'),(208,'/visits/logs',NULL,'2021-01-19 19:38:47'),(209,'/static/styles.css',NULL,'2021-01-19 19:38:47'),(210,'/static/main.js',NULL,'2021-01-19 19:38:47'),(211,'/',NULL,'2021-01-23 12:13:58'),(212,'/static/styles.css',NULL,'2021-01-23 12:13:58'),(213,'/static/main.js',NULL,'2021-01-23 12:13:58'),(214,'/users',NULL,'2021-01-23 12:14:00'),(215,'/static/main.js',NULL,'2021-01-23 12:14:00'),(216,'/static/styles.css',NULL,'2021-01-23 12:14:00'),(217,'/favicon.ico',NULL,'2021-01-23 12:14:00'),(218,'/visits/logs',NULL,'2021-01-23 12:14:06'),(219,'/static/main.js',NULL,'2021-01-23 12:14:06'),(220,'/static/styles.css',NULL,'2021-01-23 12:14:06'),(221,'/favicon.ico',NULL,'2021-01-23 12:14:06'),(222,'/visits/stat/pages',NULL,'2021-01-23 12:14:09'),(223,'/static/styles.css',NULL,'2021-01-23 12:14:09'),(224,'/static/main.js',NULL,'2021-01-23 12:14:09'),(225,'/favicon.ico',NULL,'2021-01-23 12:14:09'),(226,'/visits/stat/users',NULL,'2021-01-23 12:14:10'),(227,'/static/styles.css',NULL,'2021-01-23 12:14:10'),(228,'/static/main.js',NULL,'2021-01-23 12:14:10'),(229,'/favicon.ico',NULL,'2021-01-23 12:14:10'),(230,'/visits/stat/pages',NULL,'2021-01-23 12:14:15'),(231,'/favicon.ico',NULL,'2021-01-23 12:14:15'),(232,'/static/styles.css',NULL,'2021-01-23 12:14:15'),(233,'/static/main.js',NULL,'2021-01-23 12:14:15'),(234,'/visits/logs',NULL,'2021-01-23 12:14:16'),(235,'/favicon.ico',NULL,'2021-01-23 12:14:16'),(236,'/static/styles.css',NULL,'2021-01-23 12:14:16'),(237,'/static/main.js',NULL,'2021-01-23 12:14:16'),(238,'/visits/stat/pages',NULL,'2021-01-23 12:14:19'),(239,'/favicon.ico',NULL,'2021-01-23 12:14:19'),(240,'/static/main.js',NULL,'2021-01-23 12:14:19'),(241,'/static/styles.css',NULL,'2021-01-23 12:14:19'),(242,'/visits/stat/users',NULL,'2021-01-23 12:14:22'),(243,'/static/styles.css',NULL,'2021-01-23 12:14:23'),(244,'/static/main.js',NULL,'2021-01-23 12:14:23'),(245,'/auth/login',NULL,'2021-01-23 12:14:24'),(246,'/static/styles.css',NULL,'2021-01-23 12:14:24'),(247,'/static/main.js',NULL,'2021-01-23 12:14:24'),(248,'/auth/login',NULL,'2021-01-23 12:14:28'),(249,'/',1,'2021-01-23 12:14:29'),(250,'/static/main.js',1,'2021-01-23 12:14:29'),(251,'/static/styles.css',1,'2021-01-23 12:14:29'),(252,'/visits/logs',1,'2021-01-23 12:14:31'),(253,'/favicon.ico',1,'2021-01-23 12:14:31'),(254,'/static/styles.css',1,'2021-01-23 12:14:33'),(255,'/static/main.js',1,'2021-01-23 12:14:33'),(256,'/visits/stat/pages',1,'2021-01-23 12:14:34'),(257,'/static/main.js',1,'2021-01-23 12:14:35'),(258,'/static/styles.css',1,'2021-01-23 12:14:35'),(259,'/favicon.ico',1,'2021-01-23 12:14:35'),(260,'/visits/stat/users',1,'2021-01-23 12:14:36'),(261,'/static/styles.css',1,'2021-01-23 12:14:36'),(262,'/static/main.js',1,'2021-01-23 12:14:36'),(263,'/users',1,'2021-01-23 12:14:36'),(264,'/static/styles.css',1,'2021-01-23 12:14:36'),(265,'/static/main.js',1,'2021-01-23 12:14:36'),(266,'/',1,'2021-01-23 13:12:27'),(267,'/static/styles.css',1,'2021-01-23 13:12:27'),(268,'/static/main.js',1,'2021-01-23 13:12:27'),(269,'/static/styles.css',1,'2021-01-23 13:12:27'),(270,'/static/main.js',1,'2021-01-23 13:12:27'),(271,'/users',1,'2021-01-23 13:12:28'),(272,'/static/styles.css',1,'2021-01-23 13:12:28'),(273,'/static/main.js',1,'2021-01-23 13:12:28'),(274,'/',1,'2021-01-23 13:16:36'),(275,'/static/main.js',1,'2021-01-23 13:16:36'),(276,'/static/styles.css',1,'2021-01-23 13:16:36'),(277,'/static/styles.css',1,'2021-01-23 13:16:36'),(278,'/static/main.js',1,'2021-01-23 13:16:36'),(279,'/users',1,'2021-01-23 13:16:37'),(280,'/static/main.js',1,'2021-01-23 13:16:37'),(281,'/static/styles.css',1,'2021-01-23 13:16:37'),(282,'/visits/logs',1,'2021-01-23 13:16:38'),(283,'/favicon.ico',1,'2021-01-23 13:16:38'),(284,'/static/styles.css',1,'2021-01-23 13:16:38'),(285,'/static/main.js',1,'2021-01-23 13:16:38'),(286,'/visits/logs',1,'2021-01-23 13:16:40'),(287,'/static/styles.css',1,'2021-01-23 13:16:40'),(288,'/static/main.js',1,'2021-01-23 13:16:40'),(289,'/favicon.ico',1,'2021-01-23 13:16:41'),(290,'/visits/logs',1,'2021-01-23 13:16:42'),(291,'/static/styles.css',1,'2021-01-23 13:16:42'),(292,'/static/main.js',1,'2021-01-23 13:16:42'),(293,'/favicon.ico',1,'2021-01-23 13:16:42'),(294,'/visits/logs',1,'2021-01-23 13:16:42'),(295,'/static/styles.css',1,'2021-01-23 13:16:43'),(296,'/static/main.js',1,'2021-01-23 13:16:43'),(297,'/favicon.ico',1,'2021-01-23 13:16:43'),(298,'/visits/logs',1,'2021-01-23 13:16:43'),(299,'/static/main.js',1,'2021-01-23 13:16:43'),(300,'/static/styles.css',1,'2021-01-23 13:16:43'),(301,'/favicon.ico',1,'2021-01-23 13:16:43'),(302,'/visits/logs',1,'2021-01-23 13:16:44'),(303,'/static/styles.css',1,'2021-01-23 13:16:44'),(304,'/static/main.js',1,'2021-01-23 13:16:44'),(305,'/favicon.ico',1,'2021-01-23 13:16:44'),(306,'/visits/logs',1,'2021-01-23 13:16:45'),(307,'/static/main.js',1,'2021-01-23 13:16:45'),(308,'/static/styles.css',1,'2021-01-23 13:16:45'),(309,'/favicon.ico',1,'2021-01-23 13:16:45'),(310,'/visits/logs',1,'2021-01-23 13:16:46'),(311,'/static/main.js',1,'2021-01-23 13:16:46'),(312,'/static/styles.css',1,'2021-01-23 13:16:46'),(313,'/favicon.ico',1,'2021-01-23 13:16:46'),(314,'/visits/logs',1,'2021-01-23 13:16:46'),(315,'/static/styles.css',1,'2021-01-23 13:16:47'),(316,'/static/main.js',1,'2021-01-23 13:16:47'),(317,'/favicon.ico',1,'2021-01-23 13:16:47'),(318,'/visits/logs',1,'2021-01-23 13:16:47'),(319,'/static/styles.css',1,'2021-01-23 13:16:47'),(320,'/static/main.js',1,'2021-01-23 13:16:47'),(321,'/favicon.ico',1,'2021-01-23 13:16:48'),(322,'/visits/logs',1,'2021-01-23 13:16:49'),(323,'/static/styles.css',1,'2021-01-23 13:16:49'),(324,'/static/main.js',1,'2021-01-23 13:16:49'),(325,'/favicon.ico',1,'2021-01-23 13:16:49'),(326,'/visits/logs',1,'2021-01-23 13:16:50'),(327,'/static/styles.css',1,'2021-01-23 13:16:50'),(328,'/static/main.js',1,'2021-01-23 13:16:50'),(329,'/visits/logs',1,'2021-01-23 13:16:50'),(330,'/static/styles.css',1,'2021-01-23 13:16:50'),(331,'/static/main.js',1,'2021-01-23 13:16:50'),(332,'/favicon.ico',1,'2021-01-23 13:16:50'),(333,'/visits/logs',1,'2021-01-23 13:16:51'),(334,'/static/styles.css',1,'2021-01-23 13:16:51'),(335,'/static/main.js',1,'2021-01-23 13:16:51'),(336,'/favicon.ico',1,'2021-01-23 13:16:51'),(337,'/visits/logs',1,'2021-01-23 13:16:51'),(338,'/static/styles.css',1,'2021-01-23 13:16:51'),(339,'/static/main.js',1,'2021-01-23 13:16:51'),(340,'/visits/logs',1,'2021-01-23 13:16:52'),(341,'/static/styles.css',1,'2021-01-23 13:16:52'),(342,'/static/main.js',1,'2021-01-23 13:16:52'),(343,'/visits/logs',1,'2021-01-23 13:16:53'),(344,'/favicon.ico',1,'2021-01-23 13:16:53'),(345,'/static/styles.css',1,'2021-01-23 13:16:53'),(346,'/static/main.js',1,'2021-01-23 13:16:53'),(347,'/visits/logs',1,'2021-01-23 13:16:54'),(348,'/static/styles.css',1,'2021-01-23 13:16:54'),(349,'/static/main.js',1,'2021-01-23 13:16:54'),(350,'/favicon.ico',1,'2021-01-23 13:16:54'),(351,'/visits/stat/pages',1,'2021-01-23 13:16:55'),(352,'/favicon.ico',1,'2021-01-23 13:16:55'),(353,'/static/styles.css',1,'2021-01-23 13:16:55'),(354,'/static/main.js',1,'2021-01-23 13:16:55'),(355,'/visits/logs',1,'2021-01-23 13:16:59'),(356,'/favicon.ico',1,'2021-01-23 13:16:59'),(357,'/static/styles.css',1,'2021-01-23 13:16:59'),(358,'/static/main.js',1,'2021-01-23 13:16:59'),(359,'/visits/stat/users',1,'2021-01-23 13:17:00'),(360,'/static/main.js',1,'2021-01-23 13:17:00'),(361,'/static/styles.css',1,'2021-01-23 13:17:00'),(362,'/visits/stat/pages',1,'2021-01-23 13:17:01'),(363,'/favicon.ico',1,'2021-01-23 13:17:02'),(364,'/static/styles.css',1,'2021-01-23 13:17:02'),(365,'/static/main.js',1,'2021-01-23 13:17:02'),(366,'/visits/stat/users',1,'2021-01-23 13:17:07'),(367,'/static/main.js',1,'2021-01-23 13:17:07'),(368,'/static/styles.css',1,'2021-01-23 13:17:07'),(369,'/visits/stat/users',1,'2021-01-23 13:46:56'),(370,'/visits/stat/pages',1,'2021-01-23 13:46:59'),(371,'/static/styles.css',1,'2021-01-23 13:46:59'),(372,'/favicon.ico',1,'2021-01-23 13:46:59'),(373,'/static/main.js',1,'2021-01-23 13:46:59'),(374,'/visits/stat/pages',1,'2021-01-23 13:47:01'),(375,'/visits/stat/pages',NULL,'2021-01-23 13:48:04'),(376,'/static/styles.css',NULL,'2021-01-23 13:48:04'),(377,'/static/main.js',NULL,'2021-01-23 13:48:04'),(378,'/favicon.ico',NULL,'2021-01-23 13:48:04'),(379,'/auth/login',NULL,'2021-01-23 14:40:47'),(380,'/static/styles.css',NULL,'2021-01-23 14:40:48'),(381,'/static/main.js',NULL,'2021-01-23 14:40:48'),(382,'/auth/login',NULL,'2021-01-23 14:40:55'),(383,'/',1,'2021-01-23 14:40:55'),(384,'/static/styles.css',1,'2021-01-23 14:40:56'),(385,'/static/main.js',1,'2021-01-23 14:40:56'),(386,'/visits/logs',1,'2021-01-23 14:40:57'),(387,'/static/styles.css',1,'2021-01-23 14:40:57'),(388,'/static/main.js',1,'2021-01-23 14:40:57'),(389,'/visits/logs',1,'2021-01-23 14:41:02'),(390,'/static/styles.css',1,'2021-01-23 14:41:02'),(391,'/static/main.js',1,'2021-01-23 14:41:02'),(392,'/visits/logs',1,'2021-01-23 14:41:03'),(393,'/static/styles.css',1,'2021-01-23 14:41:03'),(394,'/static/main.js',1,'2021-01-23 14:41:03'),(395,'/visits/logs',1,'2021-01-23 14:41:04'),(396,'/static/styles.css',1,'2021-01-23 14:41:04'),(397,'/static/main.js',1,'2021-01-23 14:41:04'),(398,'/visits/stat/pages',1,'2021-01-23 14:41:05'),(399,'/static/styles.css',1,'2021-01-23 14:41:05'),(400,'/static/main.js',1,'2021-01-23 14:41:05'),(401,'/visits/stat/users',1,'2021-01-23 14:41:09'),(402,'/static/main.js',1,'2021-01-23 14:41:09'),(403,'/static/styles.css',1,'2021-01-23 14:41:09'),(404,'/visits/stat/users',1,'2021-01-23 14:41:13'),(405,'/visits/stat/pages',1,'2021-01-23 14:41:15'),(406,'/static/styles.css',1,'2021-01-23 14:41:15'),(407,'/static/main.js',1,'2021-01-23 14:41:15'),(408,'/visits/stat/pages',1,'2021-01-23 14:41:16'),(409,'/',NULL,'2021-01-23 14:43:27'),(410,'/static/styles.css',NULL,'2021-01-23 14:43:28'),(411,'/static/main.js',NULL,'2021-01-23 14:43:28'),(412,'/favicon.ico',NULL,'2021-01-23 14:43:28'),(413,'/visits/logs',NULL,'2021-01-23 14:43:30'),(414,'/static/styles.css',NULL,'2021-01-23 14:43:30'),(415,'/static/main.js',NULL,'2021-01-23 14:43:30'),(416,'/favicon.ico',NULL,'2021-01-23 14:43:30'),(417,'/visits/stat/pages',NULL,'2021-01-23 14:43:41'),(418,'/static/styles.css',NULL,'2021-01-23 14:43:41'),(419,'/static/main.js',NULL,'2021-01-23 14:43:41'),(420,'/favicon.ico',NULL,'2021-01-23 14:43:41'),(421,'/visits/logs',NULL,'2021-01-23 14:43:44'),(422,'/static/styles.css',NULL,'2021-01-23 14:43:44'),(423,'/static/main.js',NULL,'2021-01-23 14:43:44'),(424,'/',1,'2021-01-23 15:11:07'),(425,'/static/styles.css',1,'2021-01-23 15:11:07'),(426,'/static/main.js',1,'2021-01-23 15:11:07'),(427,'/users',1,'2021-01-23 15:11:08'),(428,'/static/styles.css',1,'2021-01-23 15:11:08'),(429,'/static/main.js',1,'2021-01-23 15:11:08'),(430,'/users/5/edit',1,'2021-01-23 15:11:11'),(431,'/static/main.js',1,'2021-01-23 15:11:11'),(432,'/static/styles.css',1,'2021-01-23 15:11:11'),(433,'/',NULL,'2021-01-25 16:49:21'),(434,'/static/styles.css',NULL,'2021-01-25 16:49:21'),(435,'/static/main.js',NULL,'2021-01-25 16:49:21'),(436,'/',NULL,'2021-01-26 12:17:03'),(437,'/',NULL,'2021-01-26 14:15:43'),(438,'/static/styles.css',NULL,'2021-01-26 14:15:43'),(439,'/static/main.js',NULL,'2021-01-26 14:15:43'),(440,'/',NULL,'2021-01-26 14:22:07'),(441,'/static/styles.css',NULL,'2021-01-26 14:22:07'),(442,'/static/main.js',NULL,'2021-01-26 14:22:07'),(443,'/',NULL,'2021-01-26 14:23:58'),(444,'/static/main.js',NULL,'2021-01-26 14:23:58'),(445,'/static/styles.css',NULL,'2021-01-26 14:23:58');
/*!40000 ALTER TABLE `visit_logs` ENABLE KEYS */;
UNLOCK TABLES;
/*!40103 SET TIME_ZONE=@OLD_TIME_ZONE */;

/*!40101 SET SQL_MODE=@OLD_SQL_MODE */;
/*!40014 SET FOREIGN_KEY_CHECKS=@OLD_FOREIGN_KEY_CHECKS */;
/*!40014 SET UNIQUE_CHECKS=@OLD_UNIQUE_CHECKS */;
/*!40101 SET CHARACTER_SET_CLIENT=@OLD_CHARACTER_SET_CLIENT */;
/*!40101 SET CHARACTER_SET_RESULTS=@OLD_CHARACTER_SET_RESULTS */;
/*!40101 SET COLLATION_CONNECTION=@OLD_COLLATION_CONNECTION */;
/*!40111 SET SQL_NOTES=@OLD_SQL_NOTES */;

-- Dump completed on 2021-01-26 17:40:27
